name,year,value
Bolivia,2014,0.61433
Bolivia,2023,0.72587
Bosnia and Herzegovina,2014,0.32941000000000004
Bosnia and Herzegovina,2023,0.42173
Guatemala,2014,0.40568
Guatemala,2023,0.52308
Malta,2014,0.46869
Malta,2023,0.5720000000000001
Saudi Arabia,2014,0.204
Saudi Arabia,2023,0.34611
